Location,Horizon (Years),Optimal Depth (km),Profit (USD/ton)
Location A,5,0,-307024.02846878377
Location A,10,0,-306161.1222604921
Location A,15,0,-305377.47361176147
Location B,5,0,-248168.09977729575
Location B,10,0,-247092.48450165932
Location B,15,0,-246207.32406383133
Location C,5,0,-279470.67322376376
Location C,10,0,-278990.24061150156
Location C,15,0,-278500.1921869085
